names,family_name,first_name,date_born,date_dead,country_name,gender,,,,,,,,,,,,,,,,,,,,,,,,,,,,,,,,,,,,,Aamodt_ Thorleif,Aamodt, Thorleif,,,,,,,,,,,,,,,,,,,,,,,,,,,,,,,,,,,,,,,,,Adolphson_ Olle,Adolphson, Olle,,,,M,,,,,,,,,,,,,,,,,,,,,,,,,,,,,,,,,,,,,Agnestig_ Carl-Bertil,Agnestig, Carl-Bertil,,,,,,,,,,,,,,,,,,,,,,,,,,,,,,,,,,,,,,,,,Ahlberg_ David,Ahlberg, David,1869,1949,Sverige,M,,,,,,,,,,,,,,,,,,,,,,,,,,,,,,,,,,,,,Ahlenius_ Johan,Ahlenius, Johan,,,,,,,,,,,,,,,,,,,,,,,,,,,,,,,,,,,,,,,,,Ahlin_ Johan,Ahlin, Johan,,,,,,,,,,,,,,,,,,,,,,,,,,,,,,,,,,,,,,,,,Ahnfelt_ Oscar,Ahnfelt, Oscar,,,,,,,,,,,,,,,,,,,,,,,,,,,,,,,,,,,,,,,,,Aleotti_ Raphaella,Aleotti, Raphaella,1570,1646,Italien,K,,,,,,,,,,,,,,,,,,,,,,,,,,,,,,,,,,,,,Alexandersson_ Linda,Alexandersson, Linda,,,,,,,,,,,,,,,,,,,,,,,,,,,,,,,,,,,,,,,,,Alfvén_ Hugo,Alfvén, Hugo,1872,1960,Sverige,M,,,,,,,,,,,,,,,,,,,,,,,,,,,,,,,,,,,,,Alldahl_ Per-Gunnar,Alldahl, Per-Gunnar,,,,,,,,,,,,,,,,,,,,,,,,,,,,,,,,,,,,,,,,,Allegri_ Gregorio,Allegri, Gregorio,1582,1652,Italien,M,,,,,,,,,,,,,,,,,,,,,,,,,,,,,,,,,,,,,Ambrosius,Ambrosius,,,,Italien,M,,,,,,,,,,,,,,,,,,,,,,,,,,,,,,,,,,,,,Andersson_ Benny,Andersson, Benny,1946,,Sverige,M,,,,,,,,,,,,,,,,,,,,,,,,,,,,,,,,,,,,,Andersson_ Ditte,Andersson, Ditte,1954,,Sverige,K,,,,,,,,,,,,,,,,,,,,,,,,,,,,,,,,,,,,,Andersson_ Georg,Andersson, Georg,,,,,,,,,,,,,,,,,,,,,,,,,,,,,,,,,,,,,,,,,Andersson_ Olof,Andersson, Olof,1956,,Sverige,M,,,,,,,,,,,,,,,,,,,,,,,,,,,,,,,,,,,,,Andersson_ Reinhold,Andersson, Reinhold,,,Sverige,M,,,,,,,,,,,,,,,,,,,,,,,,,,,,,,,,,,,,,Andersson_ Tina,Andersson, Tina,1966,,Sverige,K,,,,,,,,,,,,,,,,,,,,,,,,,,,,,,,,,,,,,Anerio_ Felice,Anerio, Felice,1560,1614,Italien,M,,,,,,,,,,,,,,,,,,,,,,,,,,,,,,,,,,,,,Angelou_ Maya,Angelou, Maya,1928,2014,USA,K,,,,,,,,,,,,,,,,,,,,,,,,,,,,,,,,,,,,,Ankarblom_ Nils-Petter,Ankarblom, Nils-Petter,1981,,Sverige,M,,,,,,,,,,,,,,,,,,,,,,,,,,,,,,,,,,,,,Anonym,Anonym,,,,,,,,,,,,,,,,,,,,,,,,,,,,,,,,,,,,,,,,,,Anonymus,Anonymous, ,,,,,,,,,,,,,,,,,,,,,,,,,,,,,,,,,,,,,,,,,Aquino_ Thomas av,Aquino, Thomas av,1225,1274,Italien,M,,,,,,,,,,,,,,,,,,,,,,,,,,,,,,,,,,,,,Arcadelt_ Jakob,Arcadelt, Jakob,1514,1557,,M,,,,,,,,,,,,,,,,,,,,,,,,,,,,,,,,,,,,,Arnberg_ Göran,Arnberg, Göran,,,,,,,,,,,,,,,,,,,,,,,,,,,,,,,,,,,,,,,,,Arnesen_ Kim André,Arnesen, Kim André,1980,,Norge,M,,,,,,,,,,,,,,,,,,,,,,,,,,,,,,,,,,,,,Arnesen_ Kim-André,Arnesen, Kim-André,,,,,,,,,,,,,,,,,,,,,,,,,,,,,,,,,,,,,,,,,Arpåker_ Martin,Arpåker, Martin,1990,,Sverige,M,,,,,,,,,,,,,,,,,,,,,,,,,,,,,,,,,,,,,Asmussen_ Svend,Asmussen, Svend,1916,2017,Danmark,M,,,,,,,,,,,,,,,,,,,,,,,,,,,,,,,,,,,,,Aspenström_ Werner,Aspenström, Werner,1918,1997,Sverige,M,,,,,,,,,,,,,,,,,,,,,,,,,,,,,,,,,,,,,Atterberg_ Kurt,Atterberg, Kurt,1887,1974,Sverige,M,,,,,,,,,,,,,,,,,,,,,,,,,,,,,,,,,,,,,Auden_ W H,Auden, W H,1907,1973,England,M,,,,,,,,,,,,,,,,,,,,,,,,,,,,,,,,,,,,,Bach_ Johann Sebastian,Bach, Johann Sebastian,1685,1750,Tyskland,M,,,,,,,,,,,,,,,,,,,,,,,,,,,,,,,,,,,,,Bainton_ Edgar L,Bainton, Edgar L,1880,1956,England,M,,,,,,,,,,,,,,,,,,,,,,,,,,,,,,,,,,,,,Barber_ Samuel,Barber, Samuel,1810,1981,USA,M,,,,,,,,,,,,,,,,,,,,,,,,,,,,,,,,,,,,,Bartók_ Béla,Bartók, Béla,,,,,,,,,,,,,,,,,,,,,,,,,,,,,,,,,,,,,,,,,Beamish_ Sally,Beamish, Sally,1956,,England,K,,,,,,,,,,,,,,,,,,,,,,,,,,,,,,,,,,,,,Becker_ Albert,Becker, Albert,1834,1899,Tyskland,M,,,,,,,,,,,,,,,,,,,,,,,,,,,,,,,,,,,,,Béen_ L M,Béen, L M,1820,1905,Sverige,M,,,,,,,,,,,,,,,,,,,,,,,,,,,,,,,,,,,,,Beethoven_ Ludwig van,Beethoven, Ludwig van,1770,1827,Tyskland,K,,,,,,,,,,,,,,,,,,,,,,,,,,,,,,,,,,,,,Bejstam_ Göran,Bejstam, Göran,,,,,,,,,,,,,,,,,,,,,,,,,,,,,,,,,,,,,,,,,Berg_ Alban,Berg, Alban,,,,,,,,,,,,,,,,,,,,,,,,,,,,,,,,,,,,,,,,,Berg_ Bengt,Berg, Bengt,,,,,,,,,,,,,,,,,,,,,,,,,,,,,,,,,,,,,,,,,Berg_ Daniel,Berg, Daniel,,,Sverige,M,,,,,,,,,,,,,,,,,,,,,,,,,,,,,,,,,,,,,Berg_ Gottfrid,Berg, Gottfrid,1889,1970,Sverige,M,,,,,,,,,,,,,,,,,,,,,,,,,,,,,,,,,,,,,Bernadotte_ Folke,Bernadotte, Folke,1895,1948,Sverige,M,,,,,,,,,,,,,,,,,,,,,,,,,,,,,,,,,,,,,Beurling_ Tea-Louice,Beurling, Tea-Louice,,,Sverige,K,,,,,,,,,,,,,,,,,,,,,,,,,,,,,,,,,,,,,Bibel,Bibel,,,,,,,,,,,,,,,,,,,,,,,,,,,,,,,,,,,,,,,,,,Bingham_ Judith,Bingham, Judith,1952,,England,K,,,,,,,,,,,,,,,,,,,,,,,,,,,,,,,,,,,,,Birgitta_ den heliga,Birgitta, den heliga,1303,1373,Sverige,K,,,,,,,,,,,,,,,,,,,,,,,,,,,,,,,,,,,,,Bjarnegård_ Gustaf,Bjarnegård, Gustaf,1907,1990,Sverige,M,,,,,,,,,,,,,,,,,,,,,,,,,,,,,,,,,,,,,Blake_ William,Blake, William,1757,1827,England,M,,,,,,,,,,,,,,,,,,,,,,,,,,,,,,,,,,,,,Blicher_ Steen Steensen,Blicher, Steen Steensen,1782,1848,Danmark,M,,,,,,,,,,,,,,,,,,,,,,,,,,,,,,,,,,,,,Blom_ Oskar,Blom, Oskar,1877,1930,Sverige,M,,,,,,,,,,,,,,,,,,,,,,,,,,,,,,,,,,,,,Boberg_ Carl,Boberg, Carl,1859,1940,Sverige,M,,,,,,,,,,,,,,,,,,,,,,,,,,,,,,,,,,,,,Bolander_ Nils,Bolander, Nils,1902,1959,Sverige,M,,,,,,,,,,,,,,,,,,,,,,,,,,,,,,,,,,,,,Boldemann_ Laci,Boldemann, Laci,1921,1969,Sverige,M,,,,,,,,,,,,,,,,,,,,,,,,,,,,,,,,,,,,,Bond_ Anders,Bond, Anders,1888,1980,Sverige,M,,,,,,,,,,,,,,,,,,,,,,,,,,,,,,,,,,,,,Bossi_ Enrico,Bossi, Enrico,1861,1925,Italien,M,,,,,,,,,,,,,,,,,,,,,,,,,,,,,,,,,,,,,Bowie_ David,Bowie, David,1947,2016,England,M,,,,,,,,,,,,,,,,,,,,,,,,,,,,,,,,,,,,,Boye_ Karin,Boye, Karin,1900,1941,Sverige,K,,,,,,,,,,,,,,,,,,,,,,,,,,,,,,,,,,,,,Brachel_ Peter von,Brachel, Peter von,,,,,,,,,,,,,,,,,,,,,,,,,,,,,,,,,,,,,,,,,Brahms_ Johannes,Brahms, Johannes,1833,1897,Tyskland,M,,,,,,,,,,,,,,,,,,,,,,,,,,,,,,,,,,,,,Brentano_ Clemens,Brentano, Clemens,1778,1842,Tyskland,M,,,,,,,,,,,,,,,,,,,,,,,,,,,,,,,,,,,,,Britten_ Benjamin,Britten, Benjamin,1913,1976,England,M,,,,,,,,,,,,,,,,,,,,,,,,,,,,,,,,,,,,,Broderip_ John,Broderip, John,1719,1770,England,M,,,,,,,,,,,,,,,,,,,,,,,,,,,,,,,,,,,,,Brorson_ Hans Adolph,Brorson, Hans Adolph,1694,1764,Danmark,M,,,,,,,,,,,,,,,,,,,,,,,,,,,,,,,,,,,,,Bruckner_ Anton,Bruckner, Anton,1824,1896,Österrike,M,,,,,,,,,,,,,,,,,,,,,,,,,,,,,,,,,,,,,Brumel_ Antoine,Brumel, Antoine,1460,1512,Holland,M,,,,,,,,,,,,,,,,,,,,,,,,,,,,,,,,,,,,,Burman_ Atle,Burman, Atle,1930,2012,Sverige,M,,,,,,,,,,,,,,,,,,,,,,,,,,,,,,,,,,,,,Busto_ Javier,Busto, Javier,1949,,Spanien,M,,,,,,,,,,,,,,,,,,,,,,,,,,,,,,,,,,,,,Buxtehude_ Dietrich,Buxtehude, Dietrich,1637,1707,Tyskland,M,,,,,,,,,,,,,,,,,,,,,,,,,,,,,,,,,,,,,Byrd_ William,Byrd, William,1543,1623,England,M,,,,,,,,,,,,,,,,,,,,,,,,,,,,,,,,,,,,,Byström_ Britta,Byström, Britta,1977,,Sverige,K,,,,,,,,,,,,,,,,,,,,,,,,,,,,,,,,,,,,,Byström_ Oscar,Byström, Oscar,,,,,,,,,,,,,,,,,,,,,,,,,,,,,,,,,,,,,,,,,Båge_ Magnus,Båge, Magnus,1967,,Sverige,,,,,,,,,,,,,,,,,,,,,,,,,,,,,,,,,,,,,,Bäck_ Sven-Erik,Bäck, Sven-Erik,1919,1994,Sverige,M,,,,,,,,,,,,,,,,,,,,,,,,,,,,,,,,,,,,,Calvisius_ Seth,Calvisius, Seth,1556,1617,Tyskland,M,,,,,,,,,,,,,,,,,,,,,,,,,,,,,,,,,,,,,Carlshamre_ Reibjörn,Carlshamre, Reibjörn,1960,,Sverige,M,,,,,,,,,,,,,,,,,,,,,,,,,,,,,,,,,,,,,Carlstedt_ Gunnemar,Carlstedt, Gunnemar,1922,2015,Sverige,M,,,,,,,,,,,,,,,,,,,,,,,,,,,,,,,,,,,,,Cederberg-Orreteg_ Anna,Cederberg-Orreteg, Anna,,,Sverige,K,,,,,,,,,,,,,,,,,,,,,,,,,,,,,,,,,,,,,Cedermark_ Alvar,Cedermark, Alvar,,,,,,,,,,,,,,,,,,,,,,,,,,,,,,,,,,,,,,,,,Chadwick_ George Whitfield,Chadwick, George Whitfield,1854,1931,USA,M,,,,,,,,,,,,,,,,,,,,,,,,,,,,,,,,,,,,,Charpentier_ Marc-Antoine,Charpentier, Marc-Antoine,1634,1704,Frankrike,M,,,,,,,,,,,,,,,,,,,,,,,,,,,,,,,,,,,,,Chilcott_ Bob,Chilcott, Bob,1955,,England,M,,,,,,,,,,,,,,,,,,,,,,,,,,,,,,,,,,,,,Clemens non Papa,Clemens non Papa,,1500,1556,Italien,M,,,,,,,,,,,,,,,,,,,,,,,,,,,,,,,,,,,,,Coleridge_ Mary E,Coleridge, Mary E,1861,1907,England,K,,,,,,,,,,,,,,,,,,,,,,,,,,,,,,,,,,,,,Cornelius_ Peter,Cornelius, Peter,1824,1874,Tyskland,M,,,,,,,,,,,,,,,,,,,,,,,,,,,,,,,,,,,,,Crocker_ Emelie,Crocker, Emelie,,,,,,,,,,,,,,,,,,,,,,,,,,,,,,,,,,,,,,,,,Crüger_ Johann,Crüger, Johann,1598,1662,Tyskland,M,,,,,,,,,,,,,,,,,,,,,,,,,,,,,,,,,,,,,D´Orleans_ Charles,D´Orleans, Charles,,,,,,,,,,,,,,,,,,,,,,,,,,,,,,,,,,,,,,,,,Dahlberg_ Sven,Dahlberg, Sven,1940,2015,Sverige,M,,,,,,,,,,,,,,,,,,,,,,,,,,,,,,,,,,,,,Dahlgren_ Henrik,Dahlgren, Henrik,1991,,Sverige,M,,,,,,,,,,,,,,,,,,,,,,,,,,,,,,,,,,,,,Darke_ Harold,Darke, Harold,1888,1976,England,M,,,,,,,,,,,,,,,,,,,,,,,,,,,,,,,,,,,,,Debussy_ Claude,Debussy, Claude,1862,1918,Frankrike,M,,,,,,,,,,,,,,,,,,,,,,,,,,,,,,,,,,,,,Dejke_ Anders,Dejke, Anders,1940,,Sverige,M,,,,,,,,,,,,,,,,,,,,,,,,,,,,,,,,,,,,,Den heliga Birgitta,Den heliga Birgitta,,1303,1373,Sverige,K,,,,,,,,,,,,,,,,,,,,,,,,,,,,,,,,,,,,,di Lasso_ Orlando,di Lasso, Orlando,1532,1594,Holland,M,,,,,,,,,,,,,,,,,,,,,,,,,,,,,,,,,,,,,Di Marino_ Roberto,Di Marino, Roberto,,,,,,,,,,,,,,,,,,,,,,,,,,,,,,,,,,,,,,,,,Dickinson_ Emily,Dickinson, Emily,1830,1886,USA,K,,,,,,,,,,,,,,,,,,,,,,,,,,,,,,,,,,,,,Dijk_ va Peter Louis,Dijk, va Peter Louis,1953,,Holland,M,,,,,,,,,,,,,,,,,,,,,,,,,,,,,,,,,,,,,Distler_ Hugo,Distler, Hugo,1908,1942,Tyskland,M,,,,,,,,,,,,,,,,,,,,,,,,,,,,,,,,,,,,,Dobrogosz_ Steve,Dobrogosz, Steve,1956,,Sverige,M,,,,,,,,,,,,,,,,,,,,,,,,,,,,,,,,,,,,,Dowland_ John,Dowland, John,1563,1626,England,M,,,,,,,,,,,,,,,,,,,,,,,,,,,,,,,,,,,,,Dumont_ Henry,Dumont, Henry,1610,1684,Frankrike,M,,,,,,,,,,,,,,,,,,,,,,,,,,,,,,,,,,,,,Duruflé_ Maurice,Duruflé, Maurice,1902,1986,Frankrike,M,,,,,,,,,,,,,,,,,,,,,,,,,,,,,,,,,,,,,Düben_ Gustaf,Düben, Gustaf,1628,1690,Sverige,M,,,,,,,,,,,,,,,,,,,,,,,,,,,,,,,,,,,,,Earth_ wind and fire,Earth, wind and fire,,,USA,M,,,,,,,,,,,,,,,,,,,,,,,,,,,,,,,,,,,,,Edlund_ Lars,Edlund, Lars,1922,2013,Sverige,M,,,,,,,,,,,,,,,,,,,,,,,,,,,,,,,,,,,,,Egebjer_ Lars,Egebjer, Lars,1930,1986,Sverige,M,,,,,,,,,,,,,,,,,,,,,,,,,,,,,,,,,,,,,Eggehorn_ Ylva,Eggehorn, Ylva,,,,K,,,,,,,,,,,,,,,,,,,,,,,,,,,,,,,,,,,,,Ek_ Lars,Ek, Lars,,,,,,,,,,,,,,,,,,,,,,,,,,,,,,,,,,,,,,,,,Ekedahl_ Per,Ekedahl, Per,,,,,,,,,,,,,,,,,,,,,,,,,,,,,,,,,,,,,,,,,Ekström Koij_ Mattias,Ekström Koij, Mattias,1968,,Sverige,M,,,,,,,,,,,,,,,,,,,,,,,,,,,,,,,,,,,,,Elgar_ Edward,Elgar, Edward,1857,1934,England,M,,,,,,,,,,,,,,,,,,,,,,,,,,,,,,,,,,,,,Elgenmark_ Olle,Elgenmark, Olle,1936,2016,Sverige,M,,,,,,,,,,,,,,,,,,,,,,,,,,,,,,,,,,,,,Eljas_ Anders,Eljas, Anders,,,,,,,,,,,,,,,,,,,,,,,,,,,,,,,,,,,,,,,,,Emanuelsson_ Ulrika,Emanuelsson, Ulrika,1965,,Sverige,K,,,,,,,,,,,,,,,,,,,,,,,,,,,,,,,,,,,,,Engquist_ Christian,Engquist, Christian,1979,,Sverige,M,,,,,,,,,,,,,,,,,,,,,,,,,,,,,,,,,,,,,Ericson_ Gustaf Adolf,Ericson, Gustaf Adolf,,,Sverige,M,,,,,,,,,,,,,,,,,,,,,,,,,,,,,,,,,,,,,Ericsson_ Bo,Ericsson, Bo,,,,,,,,,,,,,,,,,,,,,,,,,,,,,,,,,,,,,,,,,Eriksson_ Gunnar,Eriksson, Gunnar,,,,,,,,,,,,,,,,,,,,,,,,,,,,,,,,,,,,,,,,,Eriksson_ Jens,Eriksson, Jens,,,Sverige,M,,,,,,,,,,,,,,,,,,,,,,,,,,,,,,,,,,,,,Erlandson_ Åke,Erlandson, Åke,,,,M,,,,,,,,,,,,,,,,,,,,,,,,,,,,,,,,,,,,,Erlö_ Sven-Eric,Erlö, Sven-Eric,1938,,,,,,,,,,,,,,,,,,,,,,,,,,,,,,,,,,,,,,,,Esenvalds_ Eriks,Esenvalds, Eriks,1977,,,,,,,,,,,,,,,,,,,,,,,,,,,,,,,,,,,,,,,,Evers_ Edvard,Evers, Edvard,1853,1919,Sverige,M,,,,,,,,,,,,,,,,,,,,,,,,,,,,,,,,,,,,,Farrant_ Richard,Farrant, Richard,1530,1580,England,M,,,,,,,,,,,,,,,,,,,,,,,,,,,,,,,,,,,,,Fauré_ Gabriel,Fauré, Gabriel,1845,1924,Frankrike,M,,,,,,,,,,,,,,,,,,,,,,,,,,,,,,,,,,,,,Fjellheim_ Frode,Fjellheim, Frode,1959,,Norge,M,,,,,,,,,,,,,,,,,,,,,,,,,,,,,,,,,,,,,Flemming_ F,Flemming, F,1778,1813,Tyskland,M,,,,,,,,,,,,,,,,,,,,,,,,,,,,,,,,,,,,,Forkman_ Göran,Forkman, Göran,1937,2006,Sverige,M,,,,,,,,,,,,,,,,,,,,,,,,,,,,,,,,,,,,,Forrest_ Dan,Forrest, Dan,1978,,USA,M,,,,,,,,,,,,,,,,,,,,,,,,,,,,,,,,,,,,,Forsberg_ Roland,Forsberg, Roland,1939,,Sverige,M,,,,,,,,,,,,,,,,,,,,,,,,,,,,,,,,,,,,,Foss_ Julius,Foss, Julius,1879,1953,Danmark,M,,,,,,,,,,,,,,,,,,,,,,,,,,,,,,,,,,,,,Franciskus av Asissi,Franciskus av Asissi,,1181,1182,Italien,M,,,,,,,,,,,,,,,,,,,,,,,,,,,,,,,,,,,,,Franck_ Cesar,Franck, Cesar,1822,1890,Frankrike,M,,,,,,,,,,,,,,,,,,,,,,,,,,,,,,,,,,,,,Franke_ Cecilia,Franke, Cecilia,1955,,Sverige,K,,,,,,,,,,,,,,,,,,,,,,,,,,,,,,,,,,,,,Frankmar_ Gerhard,Frankmar, Gerhard,,,,,,,,,,,,,,,,,,,,,,,,,,,,,,,,,,,,,,,,,franzén_ Bengt,franzén, Bengt,1914,1969,Sverige,M,,,,,,,,,,,,,,,,,,,,,,,,,,,,,,,,,,,,,Franzén_ Frans Michael,Franzén, Frans Michael,1772,1847,Sverige,M,,,,,,,,,,,,,,,,,,,,,,,,,,,,,,,,,,,,,Frisk_ Sven Inge,Frisk, Sven Inge,1937,,Sverige,M,,,,,,,,,,,,,,,,,,,,,,,,,,,,,,,,,,,,,Frisk_ Sven-Inge,Frisk, Sven-Inge,,,,,,,,,,,,,,,,,,,,,,,,,,,,,,,,,,,,,,,,,Frostensson_ Anders,Frostensson, Anders,1906,2006,Sverige,M,,,,,,,,,,,,,,,,,,,,,,,,,,,,,,,,,,,,,Fryklöf_ Harald,Fryklöf, Harald,1882,1919,Sverige,M,,,,,,,,,,,,,,,,,,,,,,,,,,,,,,,,,,,,,Fröding_ Gustaf,Fröding, Gustaf,1860,1911,Sverige,M,,,,,,,,,,,,,,,,,,,,,,,,,,,,,,,,,,,,,Gabrieli_ Giovanno,Gabrieli, Giovanno,1557,1612,Italien,M,,,,,,,,,,,,,,,,,,,,,,,,,,,,,,,,,,,,,Gabrielsson_ Samuel,Gabrielsson, Samuel,1881,1968,Sverige,M,,,,,,,,,,,,,,,,,,,,,,,,,,,,,,,,,,,,,Gallus_ Jacobus,Gallus, Jacobus,1550,1591,,M,,,,,,,,,,,,,,,,,,,,,,,,,,,,,,,,,,,,,Ganestål_ Oskar,Ganestål, Oskar,,,Sverige,M,,,,,,,,,,,,,,,,,,,,,,,,,,,,,,,,,,,,,Gardemar_ Hans,Gardemar, Hans,,,,,,,,,,,,,,,,,,,,,,,,,,,,,,,,,,,,,,,,,Gardiner_ H Balfour,Gardiner, H Balfour,1877,1950,England,M,,,,,,,,,,,,,,,,,,,,,,,,,,,,,,,,,,,,,Gardner_ John,Gardner, John,1917,2011,England,M,,,,,,,,,,,,,,,,,,,,,,,,,,,,,,,,,,,,,Garuta_ Lucija,Garuta, Lucija,1902,1977,Lettland,K,,,,,,,,,,,,,,,,,,,,,,,,,,,,,,,,,,,,,Gastoldi_ Giovanni Giacomo,Gastoldi, Giovanni Giacomo,1556,1622,Italien,M,,,,,,,,,,,,,,,,,,,,,,,,,,,,,,,,,,,,,Gastoldi_ J J,Gastoldi, J J,1556,1622,Italien,M,,,,,,,,,,,,,,,,,,,,,,,,,,,,,,,,,,,,,Gellert_ C F,Gellert, C F,1715,1769,Tyskland,M,,,,,,,,,,,,,,,,,,,,,,,,,,,,,,,,,,,,,Gesius_ Bartholomeus,Gesius, Bartholomeus,1562,1613,Tyskland,M,,,,,,,,,,,,,,,,,,,,,,,,,,,,,,,,,,,,,Gesualdo_ Carlo,Gesualdo, Carlo,1560,1613,Italien,M,,,,,,,,,,,,,,,,,,,,,,,,,,,,,,,,,,,,,Gibbons_ Orlando,Gibbons, Orlando,1583,1625,England,M,,,,,,,,,,,,,,,,,,,,,,,,,,,,,,,,,,,,,Gjeilo_ Ola,Gjeilo, Ola,1978,,Norge,M,,,,,,,,,,,,,,,,,,,,,,,,,,,,,,,,,,,,,Gottwald_ Clytus,Gottwald, Clytus,,,,,,,,,,,,,,,,,,,,,,,,,,,,,,,,,,,,,,,,,Gottwald_ Gottwald,Gottwald, Gottwald,,,,,,,,,,,,,,,,,,,,,,,,,,,,,,,,,,,,,,,,,Gounod_ Charles,Gounod, Charles,1818,1893,Frankrike,M,,,,,,,,,,,,,,,,,,,,,,,,,,,,,,,,,,,,,Grancino_ Michelangelo,Grancino, Michelangelo,1605,1669,Italien,M,,,,,,,,,,,,,,,,,,,,,,,,,,,,,,,,,,,,,Granstam_ Bengt,Granstam, Bengt,1932,,Sverige,M,,,,,,,,,,,,,,,,,,,,,,,,,,,,,,,,,,,,,Grieg_ Edvard,Grieg, Edvard,1843,1907,Norge,M,,,,,,,,,,,,,,,,,,,,,,,,,,,,,,,,,,,,,Gruber_ Franz,Gruber, Franz,1787,1863,Österrike,M,,,,,,,,,,,,,,,,,,,,,,,,,,,,,,,,,,,,,Guerrero_ Francisco,Guerrero, Francisco,1528,1599,Spanien,M,,,,,,,,,,,,,,,,,,,,,,,,,,,,,,,,,,,,,Gullberg_ Hjalmar,Gullberg, Hjalmar,,,,,,,,,,,,,,,,,,,,,,,,,,,,,,,,,,,,,,,,,Gullin_ Gabriella,Gullin, Gabriella,1961,,Sverige,K,,,,,,,,,,,,,,,,,,,,,,,,,,,,,,,,,,,,,Gullin_ Lars,Gullin, Lars,1928,1976,Sverige,M,,,,,,,,,,,,,,,,,,,,,,,,,,,,,,,,,,,,,Gustaf_ Prins,Gustaf, Prins,1827,1852,Sverige,M,,,,,,,,,,,,,,,,,,,,,,,,,,,,,,,,,,,,,Gärdestad_ Kenneth,Gärdestad, Kenneth,1948,2018,Sverige,M,,,,,,,,,,,,,,,,,,,,,,,,,,,,,,,,,,,,,Gärdestad_ Ted,Gärdestad, Ted,1956,1997,Sverige,M,,,,,,,,,,,,,,,,,,,,,,,,,,,,,,,,,,,,,Göransson _ Harald,Göransson , Harald,,,,,,,,,,,,,,,,,,,,,,,,,,,,,,,,,,,,,,,,,Hagvil_ Sven,Hagvil, Sven,1953,,Sverige,M,,,,,,,,,,,,,,,,,,,,,,,,,,,,,,,,,,,,,Hahn_ Gunnar,Hahn, Gunnar,1908,2001,Sverige,M,,,,,,,,,,,,,,,,,,,,,,,,,,,,,,,,,,,,,Hall_ Jan Inge,Hall, Jan Inge,,,,,,,,,,,,,,,,,,,,,,,,,,,,,,,,,,,,,,,,,Hallberg_ Bengt,Hallberg, Bengt,,,,,,,,,,,,,,,,,,,,,,,,,,,,,,,,,,,,,,,,,Hallnäs_ Hilding,Hallnäs, Hilding,1903,1984,Sverige,M,,,,,,,,,,,,,,,,,,,,,,,,,,,,,,,,,,,,,Hallqvist_ Britt-G,Hallqvist, Britt-G,1914,1997,Sverige,K,,,,,,,,,,,,,,,,,,,,,,,,,,,,,,,,,,,,,Hambreaus_ Bengt,Hambreaus, Bengt,1928,2000,Sverige,M,,,,,,,,,,,,,,,,,,,,,,,,,,,,,,,,,,,,,Hammarsköld_ Dag,Hammarsköld, Dag,1905,1961,Sverige,M,,,,,,,,,,,,,,,,,,,,,,,,,,,,,,,,,,,,,Hammarström_ Hugo,Hammarström, Hugo,1891,1974,Sverige,,,,,,,,,,,,,,,,,,,,,,,,,,,,,,,,,,,,,,Hammerschmidt_ Andreas,Hammerschmidt, Andreas,1611,1675,Tyskland,M,,,,,,,,,,,,,,,,,,,,,,,,,,,,,,,,,,,,,Handl_ Jakob,Handl, Jakob,1550,1591,Tyskland,M,,,,,,,,,,,,,,,,,,,,,,,,,,,,,,,,,,,,,Hansén_ Nisse,Hansén, Nisse,1920,1997,Sverige,M,,,,,,,,,,,,,,,,,,,,,,,,,,,,,,,,,,,,,Hansson_ Bo,Hansson, Bo,1950,,Sverige,M,,,,,,,,,,,,,,,,,,,,,,,,,,,,,,,,,,,,,Hartman_ Olov,Hartman, Olov,1906,1982,Sverige,M,,,,,,,,,,,,,,,,,,,,,,,,,,,,,,,,,,,,,Hassler_ Hans Leo,Hassler, Hans Leo,1564,1612,Tyskland,M,,,,,,,,,,,,,,,,,,,,,,,,,,,,,,,,,,,,,Haydn_ Joseph,Haydn, Joseph,,,,,,,,,,,,,,,,,,,,,,,,,,,,,,,,,,,,,,,,,Haywood_ Carl,Haywood, Carl,,,,,,,,,,,,,,,,,,,,,,,,,,,,,,,,,,,,,,,,,Hazelius_ Esbjörn,Hazelius, Esbjörn,1973,,Sverige,M,,,,,,,,,,,,,,,,,,,,,,,,,,,,,,,,,,,,,Heidenstam_ Verner von,Heidenstam, Verner von,1859,1940,Sverige,M,,,,,,,,,,,,,,,,,,,,,,,,,,,,,,,,,,,,,Helldén_ Daniel,Helldén, Daniel,1917,1998,Sverige,M,,,,,,,,,,,,,,,,,,,,,,,,,,,,,,,,,,,,,Hellström_ Jan Arvid,Hellström, Jan Arvid,1941,1994,Sverige,M,,,,,,,,,,,,,,,,,,,,,,,,,,,,,,,,,,,,,Hemberg_ Eskil,Hemberg, Eskil,1938,2004,Sverige,M,,,,,,,,,,,,,,,,,,,,,,,,,,,,,,,,,,,,,Henriksson_ Alf,Henriksson, Alf,,,,,,,,,,,,,,,,,,,,,,,,,,,,,,,,,,,,,,,,,Herrick_ Crabbe,Herrick, Crabbe,,,England,,,,,,,,,,,,,,,,,,,,,,,,,,,,,,,,,,,,,,Heyse_ Paul,Heyse, Paul,1830,1914,Tyskland,M,,,,,,,,,,,,,,,,,,,,,,,,,,,,,,,,,,,,,Hildebrand_ Karl-Gustaf,Hildebrand, Karl-Gustaf,1911,2005,Sverige,M,,,,,,,,,,,,,,,,,,,,,,,,,,,,,,,,,,,,,Hillborg_ Anders,Hillborg, Anders,1954,,Sverige,M,,,,,,,,,,,,,,,,,,,,,,,,,,,,,,,,,,,,,Holgersson_ Christoffer,Holgersson, Christoffer,,,,,,,,,,,,,,,,,,,,,,,,,,,,,,,,,,,,,,,,,Holgersson_ Hannah,Holgersson, Hannah,,,,,,,,,,,,,,,,,,,,,,,,,,,,,,,,,,,,,,,,,Holm Foosnæs_ Eva,Holm Foosnæs, Eva,1983,,Norge,K,,,,,,,,,,,,,,,,,,,,,,,,,,,,,,,,,,,,,Holmberg_ Margit,Holmberg, Margit,1912,1989,Sverige,K,,,,,,,,,,,,,,,,,,,,,,,,,,,,,,,,,,,,,Homilius_ Gottfried August,Homilius, Gottfried August,1714,1785,Tyskland,M,,,,,,,,,,,,,,,,,,,,,,,,,,,,,,,,,,,,,Hopkins_ Gerard Manley,Hopkins, Gerard Manley,,,,,,,,,,,,,,,,,,,,,,,,,,,,,,,,,,,,,,,,,Hovland_ Egil,Hovland, Egil,1924,2013,Norge,M,,,,,,,,,,,,,,,,,,,,,,,,,,,,,,,,,,,,,Howells_ Herbert,Howells, Herbert,1892,1983,England,M,,,,,,,,,,,,,,,,,,,,,,,,,,,,,,,,,,,,,Hudson_ Mary,Hudson, Mary,1755,1801,England,K,,,,,,,,,,,,,,,,,,,,,,,,,,,,,,,,,,,,,Hultenberger_ Karin,Hultenberger, Karin,,,,,,,,,,,,,,,,,,,,,,,,,,,,,,,,,,,,,,,,,Hurford_ Peter,Hurford, Peter,1930,2019,England,M,,,,,,,,,,,,,,,,,,,,,,,,,,,,,,,,,,,,,Håkansson_ Knut,Håkansson, Knut,1887,1929,Sverige,M,,,,,,,,,,,,,,,,,,,,,,,,,,,,,,,,,,,,,Hålling_ Mats,Hålling, Mats,,,,,,,,,,,,,,,,,,,,,,,,,,,,,,,,,,,,,,,,,Häggbom_ Berndt,Häggbom, Berndt,,,Sverige,M,,,,,,,,,,,,,,,,,,,,,,,,,,,,,,,,,,,,,Händel_ Georg Friedrich,Händel, Georg Friedrich,1685,1759,Tyskland,M,,,,,,,,,,,,,,,,,,,,,,,,,,,,,,,,,,,,,Hörberg_ Barbro,Hörberg, Barbro,1932,1976,Sverige,K,,,,,,,,,,,,,,,,,,,,,,,,,,,,,,,,,,,,,Ibsen_ Henrik,Ibsen, Henrik,1828,1906,Norge,M,,,,,,,,,,,,,,,,,,,,,,,,,,,,,,,,,,,,,Isaac_ Heinrich,Isaac, Heinrich,,,,,,,,,,,,,,,,,,,,,,,,,,,,,,,,,,,,,,,,,Jackman_ Percy,Jackman, Percy,1860,1910,England,M,,,,,,,,,,,,,,,,,,,,,,,,,,,,,,,,,,,,,Jacobsson_ Jacob Timotheus,Jacobsson, Jacob Timotheus,,,,,,,,,,,,,,,,,,,,,,,,,,,,,,,,,,,,,,,,,Janequin_ Clement,Janequin, Clement,1485,1558,Frankrike,M,,,,,,,,,,,,,,,,,,,,,,,,,,,,,,,,,,,,,Jenkins_ Karl,Jenkins, Karl,1944,,England,M,,,,,,,,,,,,,,,,,,,,,,,,,,,,,,,,,,,,,Jennefelt_ Thomas,Jennefelt, Thomas,1954,,Sverige,M,,,,,,,,,,,,,,,,,,,,,,,,,,,,,,,,,,,,,Jersild_ Jörgen,Jersild, Jörgen,1913,2004,Danmark,M,,,,,,,,,,,,,,,,,,,,,,,,,,,,,,,,,,,,,Johanson_ Sven-Eric,Johanson, Sven-Eric,1919,1997,Sverige,M,,,,,,,,,,,,,,,,,,,,,,,,,,,,,,,,,,,,,Johansson_ Bengt,Johansson, Bengt,1914,1989,Finland,M,,,,,,,,,,,,,,,,,,,,,,,,,,,,,,,,,,,,,Johansson_ Leif,Johansson, Leif,,,Sverige,M,,,,,,,,,,,,,,,,,,,,,,,,,,,,,,,,,,,,,Johansson_ Olle,Johansson, Olle,1946,,Sverige,M,,,,,,,,,,,,,,,,,,,,,,,,,,,,,,,,,,,,,Jones_ Howard,Jones, Howard,,,,M,,,,,,,,,,,,,,,,,,,,,,,,,,,,,,,,,,,,,Jonson_ Jonas,Jonson, Jonas,1939,,Sverige,M,,,,,,,,,,,,,,,,,,,,,,,,,,,,,,,,,,,,,Josquin des pres,Josquin des pres,,1450,1521,Frankrike,M,,,,,,,,,,,,,,,,,,,,,,,,,,,,,,,,,,,,,Junstrand_ Martin,Junstrand, Martin,1964,,Sverige,M,,,,,,,,,,,,,,,,,,,,,,,,,,,,,,,,,,,,,Jändel_ Ragnar,Jändel, Ragnar,1895,1939,Sverige,M,,,,,,,,,,,,,,,,,,,,,,,,,,,,,,,,,,,,,Jönsson_ Tomas,Jönsson, Tomas,,,Sverige,M,,,,,,,,,,,,,,,,,,,,,,,,,,,,,,,,,,,,,Jörgensen_ Johannes,Jörgensen, Johannes,1866,1956,Danmark,M,,,,,,,,,,,,,,,,,,,,,,,,,,,,,,,,,,,,,Karkoff_ Maurice,Karkoff, Maurice,1927,2013,Sverige,M,,,,,,,,,,,,,,,,,,,,,,,,,,,,,,,,,,,,,Karlén_ Robert,Karlén, Robert,,,Sverige,M,,,,,,,,,,,,,,,,,,,,,,,,,,,,,,,,,,,,,Karlfeldt_ Erik-Axel,Karlfeldt, Erik-Axel,1864,1931,Sverige,M,,,,,,,,,,,,,,,,,,,,,,,,,,,,,,,,,,,,,Katzenjammer,Katzenjammer,,,,Norge,,,,,,,,,,,,,,,,,,,,,,,,,,,,,,,,,,,,,,Klockar_ Anna-Karin,Klockar, Anna-Karin,1960,,Sverige,K,,,,,,,,,,,,,,,,,,,,,,,,,,,,,,,,,,,,,Knape_ Ernst V,Knape, Ernst V,1873,1929,Finland,M,,,,,,,,,,,,,,,,,,,,,,,,,,,,,,,,,,,,,Koch_ Johannes H E,Koch, Johannes H E,,,,,,,,,,,,,,,,,,,,,,,,,,,,,,,,,,,,,,,,,Kodály_ Zolàn,Kodály, Zolàn,1882,1967,Ungern,M,,,,,,,,,,,,,,,,,,,,,,,,,,,,,,,,,,,,,Kraus_ Joseph Martin,Kraus, Joseph Martin,1756,1792,Sverige,M,,,,,,,,,,,,,,,,,,,,,,,,,,,,,,,,,,,,,Krebs_ Johann Nicolaus,Krebs, Johann Nicolaus,1732,1790,Tyskland,M,,,,,,,,,,,,,,,,,,,,,,,,,,,,,,,,,,,,,Kring_ Katie,Kring, Katie,1983,,USA,K,,,,,,,,,,,,,,,,,,,,,,,,,,,,,,,,,,,,,Kuhlander_ Jan Olof,Kuhlander, Jan Olof,1953,,Sverige,,,,,,,,,,,,,,,,,,,,,,,,,,,,,,,,,,,,,,Kullnes_ Åke,Kullnes, Åke,1910,1981,Sverige,M,,,,,,,,,,,,,,,,,,,,,,,,,,,,,,,,,,,,,Kvernå_ Trond,Kvernå, Trond,1945,,Norge,M,,,,,,,,,,,,,,,,,,,,,,,,,,,,,,,,,,,,,Kyhle_ Anders,Kyhle, Anders,,,Sverige,M,,,,,,,,,,,,,,,,,,,,,,,,,,,,,,,,,,,,,Kyhle_ Hans,Kyhle, Hans,1933,,Sverige,M,,,,,,,,,,,,,,,,,,,,,,,,,,,,,,,,,,,,,Köhler_ Emmy,Köhler, Emmy,1858,1925,Sverige,K,,,,,,,,,,,,,,,,,,,,,,,,,,,,,,,,,,,,,La Cour_ Nils,La Cour, Nils,1944,,Danmark,M,,,,,,,,,,,,,,,,,,,,,,,,,,,,,,,,,,,,,Lang_ David,Lang, David,1957,,USA,M,,,,,,,,,,,,,,,,,,,,,,,,,,,,,,,,,,,,,Lange-Müller_ Peter Erasmus,Lange-Müller, Peter Erasmus,1850,1926,Danmark,M,,,,,,,,,,,,,,,,,,,,,,,,,,,,,,,,,,,,,Langlais_ Jean,Langlais, Jean,1907,1991,Frankrike,M,,,,,,,,,,,,,,,,,,,,,,,,,,,,,,,,,,,,,Larsson_ Lars-Erik,Larsson, Lars-Erik,1908,1986,Sverige,M,,,,,,,,,,,,,,,,,,,,,,,,,,,,,,,,,,,,,Larsson_ Rolf,Larsson, Rolf,,,Sverige,M,,,,,,,,,,,,,,,,,,,,,,,,,,,,,,,,,,,,,Laub_ Thomas,Laub, Thomas,1852,1927,Danmark,M,,,,,,,,,,,,,,,,,,,,,,,,,,,,,,,,,,,,,Laurentii_ Laurentius,Laurentii, Laurentius,1573,1655,Sverige,M,,,,,,,,,,,,,,,,,,,,,,,,,,,,,,,,,,,,,Leighton_ Kenneth,Leighton, Kenneth,1929,1988,England,M,,,,,,,,,,,,,,,,,,,,,,,,,,,,,,,,,,,,,Leijon_ Jerker,Leijon, Jerker,1956,2009,Sverige,M,,,,,,,,,,,,,,,,,,,,,,,,,,,,,,,,,,,,,Leisring_ Volckmar,Leisring, Volckmar,1590,1637,Tyskland,M,,,,,,,,,,,,,,,,,,,,,,,,,,,,,,,,,,,,,Lenngren_ Anna Maria,Lenngren, Anna Maria,1754,1817,Sverige,K,,,,,,,,,,,,,,,,,,,,,,,,,,,,,,,,,,,,,Leontovich_ Mykola,Leontovich, Mykola,1877,1921,Ukraina,M,,,,,,,,,,,,,,,,,,,,,,,,,,,,,,,,,,,,,Lermontov_ Michail,Lermontov, Michail,1814,1841,Ryssland,M,,,,,,,,,,,,,,,,,,,,,,,,,,,,,,,,,,,,,Lewkovitch_ Bernhard,Lewkovitch, Bernhard,1927,,Danmark,M,,,,,,,,,,,,,,,,,,,,,,,,,,,,,,,,,,,,,Lidholm_ Ingvar,Lidholm, Ingvar,1921,2017,Sverige,M,,,,,,,,,,,,,,,,,,,,,,,,,,,,,,,,,,,,,Liljefors_ Ruben,Liljefors, Ruben,1871,1936,Sverige,M,,,,,,,,,,,,,,,,,,,,,,,,,,,,,,,,,,,,,Lindberg_ Nils,Lindberg, Nils,1933,,Sverige,M,,,,,,,,,,,,,,,,,,,,,,,,,,,,,,,,,,,,,Lindberg_ Oskar,Lindberg, Oskar,1887,1955,Sverige,M,,,,,,,,,,,,,,,,,,,,,,,,,,,,,,,,,,,,,Lindberg_ Staffan,Lindberg, Staffan,,,,,,,,,,,,,,,,,,,,,,,,,,,,,,,,,,,,,,,,,Lindblad_ Adolf Fredrik,Lindblad, Adolf Fredrik,1801,1878,Sverige,M,,,,,,,,,,,,,,,,,,,,,,,,,,,,,,,,,,,,,Lindegren_ Johan,Lindegren, Johan,1842,1908,Sverige,,,,,,,,,,,,,,,,,,,,,,,,,,,,,,,,,,,,,,Linderot_ Lars,Linderot, Lars,,,Sverige,M,,,,,,,,,,,,,,,,,,,,,,,,,,,,,,,,,,,,,Lindmark_ Susanna,Lindmark, Susanna,1966,,Sverige,K,,,,,,,,,,,,,,,,,,,,,,,,,,,,,,,,,,,,,Lindroth_ Henry,Lindroth, Henry,1910,1993,Sverige,M,,,,,,,,,,,,,,,,,,,,,,,,,,,,,,,,,,,,,Lindström_ E,Lindström, E,,,,,,,,,,,,,,,,,,,,,,,,,,,,,,,,,,,,,,,,,Lindström_ Rune,Lindström, Rune,1916,1973,Sverige,M,,,,,,,,,,,,,,,,,,,,,,,,,,,,,,,,,,,,,Lindwall_ Hampus,Lindwall, Hampus,1976,,Sverige,M,,,,,,,,,,,,,,,,,,,,,,,,,,,,,,,,,,,,,Logård_ Mona,Logård, Mona,1949,,Sverige,K,,,,,,,,,,,,,,,,,,,,,,,,,,,,,,,,,,,,,Lotscher_ Johan Georg,Lotscher, Johan Georg,1733,1805,Sverige,M,,,,,,,,,,,,,,,,,,,,,,,,,,,,,,,,,,,,,Lotti_ Antonio,Lotti, Antonio,1667,1740,Italien,M,,,,,,,,,,,,,,,,,,,,,,,,,,,,,,,,,,,,,Luboff_ Norman,Luboff, Norman,,,,,,,,,,,,,,,,,,,,,,,,,,,,,,,,,,,,,,,,,Lugn_ Kristina,Lugn, Kristina,1948,2020,Sverige,K,,,,,,,,,,,,,,,,,,,,,,,,,,,,,,,,,,,,,Lundén-Welden_ Gunnar,Lundén-Welden, Gunnar,,,,,,,,,,,,,,,,,,,,,,,,,,,,,,,,,,,,,,,,,Lundmark_ Arne,Lundmark, Arne,1956,,Sverige,M,,,,,,,,,,,,,,,,,,,,,,,,,,,,,,,,,,,,,Lunell_ Hans,Lunell, Hans,,,,,,,,,,,,,,,,,,,,,,,,,,,,,,,,,,,,,,,,,Luther_ Martin,Luther, Martin,,,,,,,,,,,,,,,,,,,,,,,,,,,,,,,,,,,,,,,,,Löfberg_ Maria,Löfberg, Maria,1968,,Sverige,K,,,,,,,,,,,,,,,,,,,,,,,,,,,,,,,,,,,,,Lövestam_ Christina,Lövestam, Christina,1949,,Sverige,K,,,,,,,,,,,,,,,,,,,,,,,,,,,,,,,,,,,,,Löwenhjelm_ Harriet,Löwenhjelm, Harriet,1887,1918,Sverige,K,,,,,,,,,,,,,,,,,,,,,,,,,,,,,,,,,,,,,Magnusson_ Lars-Magnus,Magnusson, Lars-Magnus,,,Sverige,M,,,,,,,,,,,,,,,,,,,,,,,,,,,,,,,,,,,,,Mahler_ Gustav,Mahler, Gustav,1860,1911,Österrike,M,,,,,,,,,,,,,,,,,,,,,,,,,,,,,,,,,,,,,Mallander_ Inez,Mallander, Inez,1896,1975,Sverige,M,,,,,,,,,,,,,,,,,,,,,,,,,,,,,,,,,,,,,Martin-Löf_ Cecilia,Martin-Löf, Cecilia,,,,,,,,,,,,,,,,,,,,,,,,,,,,,,,,,,,,,,,,,Martinson_ Harry,Martinson, Harry,1904,1978,Sverige,M,,,,,,,,,,,,,,,,,,,,,,,,,,,,,,,,,,,,,Mason_ Lowell,Mason, Lowell,1792,1872,England,M,,,,,,,,,,,,,,,,,,,,,,,,,,,,,,,,,,,,,McDowall_ Cecilia,McDowall, Cecilia,1951,,England,K,,,,,,,,,,,,,,,,,,,,,,,,,,,,,,,,,,,,,McGranaham_ James,McGranaham, James,1840,1907,USA,M,,,,,,,,,,,,,,,,,,,,,,,,,,,,,,,,,,,,,Melin_ Margareta,Melin, Margareta,1935,,Sverige,K,,,,,,,,,,,,,,,,,,,,,,,,,,,,,,,,,,,,,Mendelssohn_ Felix,Mendelssohn, Felix,1809,1847,Tyskland,M,,,,,,,,,,,,,,,,,,,,,,,,,,,,,,,,,,,,,Miessner_ Hanns,Miessner, Hanns,,,,,,,,,,,,,,,,,,,,,,,,,,,,,,,,,,,,,,,,,Mitchell_ Red,Mitchell, Red,1927,1992,USA,M,,,,,,,,,,,,,,,,,,,,,,,,,,,,,,,,,,,,,Mohr_ Joseph,Mohr, Joseph,1792,1848,Österrike,M,,,,,,,,,,,,,,,,,,,,,,,,,,,,,,,,,,,,,Molin_ Evert,Molin, Evert,,,,,,,,,,,,,,,,,,,,,,,,,,,,,,,,,,,,,,,,,Mozart_ Wolfgang Amadeus,Mozart, Wolfgang Amadeus,,,,,,,,,,,,,,,,,,,,,,,,,,,,,,,,,,,,,,,,,Mujika_ Inazio,Mujika, Inazio,1963,,Spanien,M,,,,,,,,,,,,,,,,,,,,,,,,,,,,,,,,,,,,,Mässordinariet,Mässordinariet,,,,,,,,,,,,,,,,,,,,,,,,,,,,,,,,,,,,,,,,,,Nielsen_ Emil,Nielsen, Emil,,,,,,,,,,,,,,,,,,,,,,,,,,,,,,,,,,,,,,,,,Nietsche_ Friedrich,Nietsche, Friedrich,1844,1900,Tyskland,M,,,,,,,,,,,,,,,,,,,,,,,,,,,,,,,,,,,,,Nilsson_ john,Nilsson, john,,,,M,,,,,,,,,,,,,,,,,,,,,,,,,,,,,,,,,,,,,Nilsson_ Paul,Nilsson, Paul,,,,,,,,,,,,,,,,,,,,,,,,,,,,,,,,,,,,,,,,,Norberg Hagberg_ Eva,Norberg Hagberg, Eva,1915,2004,Sverige,K,,,,,,,,,,,,,,,,,,,,,,,,,,,,,,,,,,,,,Nyblom_ Knut,Nyblom, Knut,,,Sverige,M,,,,,,,,,,,,,,,,,,,,,,,,,,,,,,,,,,,,,Nyström _ Erik,Nyström , Erik,1842,1907,Sverige,,,,,,,,,,,,,,,,,,,,,,,,,,,,,,,,,,,,,,Nyström_ Bengt E,Nyström, Bengt E,1886,1959,Sverige,M,,,,,,,,,,,,,,,,,,,,,,,,,,,,,,,,,,,,,Olaus Petri,Olaus Petri,,1493,1552,Sverige,,,,,,,,,,,,,,,,,,,,,,,,,,,,,,,,,,,,,,Oldgren_ Karin,Oldgren, Karin,,,,,,,,,,,,,,,,,,,,,,,,,,,,,,,,,,,,,,,,,Oldgren/Eklund,Oldgren/Eklund,#VALUE!,,,,,,,,,,,,,,,,,,,,,,,,,,,,,,,,,,,,,,,,,Olofsson_ Rune Pär,Olofsson, Rune Pär,,,,,,,,,,,,,,,,,,,,,,,,,,,,,,,,,,,,,,,,,Olsson_ Otto,Olsson, Otto,1879,1964,Sverige,M,,,,,,,,,,,,,,,,,,,,,,,,,,,,,,,,,,,,,Otterdahl_ Jeanna,Otterdahl, Jeanna,1879,1965,Sverige,K,,,,,,,,,,,,,,,,,,,,,,,,,,,,,,,,,,,,,Patchen_ Kenneth,Patchen, Kenneth,1911,1972,USA,M,,,,,,,,,,,,,,,,,,,,,,,,,,,,,,,,,,,,,Peterson-Berger_ Wilhelm,Peterson-Berger, Wilhelm,,,,,,,,,,,,,,,,,,,,,,,,,,,,,,,,,,,,,,,,,Poulenc_ Francis,Poulenc, Francis,,,,,,,,,,,,,,,,,,,,,,,,,,,,,,,,,,,,,,,,,Pourkarim_ Laleh,Pourkarim, Laleh,1982,,Sverige,K,,,,,,,,,,,,,,,,,,,,,,,,,,,,,,,,,,,,,Racine_ Jean,Racine, Jean,1639,1699,Frankrike,M,,,,,,,,,,,,,,,,,,,,,,,,,,,,,,,,,,,,,Regnart_ Jacob,Regnart, Jacob,1540,1599,Holland,M,,,,,,,,,,,,,,,,,,,,,,,,,,,,,,,,,,,,,Renvall_ Viola,Renvall, Viola,1905,1998,Finland,K,,,,,,,,,,,,,,,,,,,,,,,,,,,,,,,,,,,,,Richter_ Otto,Richter, Otto,,,,,,,,,,,,,,,,,,,,,,,,,,,,,,,,,,,,,,,,,Riedlinger_ Brian,Riedlinger, Brian,,,,,,,,,,,,,,,,,,,,,,,,,,,,,,,,,,,,,,,,,Rilton och Björklund,#VALUE!,#VALUE!,,,,,,,,,,,,,,,,,,,,,,,,,,,,,,,,,,,,,,,,,Root G F,Root,G F,1820,1895,,M,,,,,,,,,,,,,,,,,,,,,,,,,,,,,,,,,,,,,Rosetti_ Christina,Rosetti, Christina,1830,1894,England,K,,,,,,,,,,,,,,,,,,,,,,,,,,,,,,,,,,,,,Runeberg_ J L,Runeberg, J L,,,Finland,M,,,,,,,,,,,,,,,,,,,,,,,,,,,,,,,,,,,,,Rutter_ John,Rutter, John,,,,,,,,,,,,,,,,,,,,,,,,,,,,,,,,,,,,,,,,,Rückert_ Friedrich,Rückert, Friedrich,,1866,Tyskland,M,,,,,,,,,,,,,,,,,,,,,,,,,,,,,,,,,,,,,Rydberg_ Viktor,Rydberg, Viktor,1828,1895,Sverige,M,,,,,,,,,,,,,,,,,,,,,,,,,,,,,,,,,,,,,Rönnegård_ Sam,Rönnegård, Sam,,,Sverige,M,,,,,,,,,,,,,,,,,,,,,,,,,,,,,,,,,,,,,S:t Thomas av Aquino,S:t Thomas av Aquino,,1225,1274,Italien,M,,,,,,,,,,,,,,,,,,,,,,,,,,,,,,,,,,,,,Sahlberg_ Dan-Erik,Sahlberg, Dan-Erik,,,Sverige,M,,,,,,,,,,,,,,,,,,,,,,,,,,,,,,,,,,,,,Sandell_ Lina,Sandell, Lina,,,Sverige,K,,,,,,,,,,,,,,,,,,,,,,,,,,,,,,,,,,,,,Sandström_ Jan,Sandström, Jan,,,,,,,,,,,,,,,,,,,,,,,,,,,,,,,,,,,,,,,,,Sandström_ Sven David,Sandström, Sven David,1942,2019,Sverige,M,,,,,,,,,,,,,,,,,,,,,,,,,,,,,,,,,,,,,Setterlind_ Bo,Setterlind, Bo,1923,1991,Sverige,M,,,,,,,,,,,,,,,,,,,,,,,,,,,,,,,,,,,,,Shakespeare_ William,Shakespeare, William,1564,1616,England,M,,,,,,,,,,,,,,,,,,,,,,,,,,,,,,,,,,,,,Shepherd_ Katrina,Shepherd, Katrina,,,England,K,,,,,,,,,,,,,,,,,,,,,,,,,,,,,,,,,,,,,Sköld_ Agneta,Sköld, Agneta,1947,,Sverige,K,,,,,,,,,,,,,,,,,,,,,,,,,,,,,,,,,,,,,Sonnevi_ Göran,Sonnevi, Göran,1939,,Sverige,M,,,,,,,,,,,,,,,,,,,,,,,,,,,,,,,,,,,,,Spegel_ Haquin,Spegel, Haquin,1645,1714,Sverige,M,,,,,,,,,,,,,,,,,,,,,,,,,,,,,,,,,,,,,Stenhammar_ Wilhelm,Stenhammar, Wilhelm,,,,,,,,,,,,,,,,,,,,,,,,,,,,,,,,,,,,,,,,,Storm_ Theodor,Storm, Theodor,,,,,,,,,,,,,,,,,,,,,,,,,,,,,,,,,,,,,,,,,Swingler_ Randall,Swingler, Randall,1909,1967,England,M,,,,,,,,,,,,,,,,,,,,,,,,,,,,,,,,,,,,,Söderblom_ Nathan,Söderblom, Nathan,1866,1931,Sverige,M,,,,,,,,,,,,,,,,,,,,,,,,,,,,,,,,,,,,,Teasdale_ Sara,Teasdale, Sara,1884,1933,USA,K,,,,,,,,,,,,,,,,,,,,,,,,,,,,,,,,,,,,,Ternström_ Sten,Ternström, Sten,,,Sverige,M,,,,,,,,,,,,,,,,,,,,,,,,,,,,,,,,,,,,,Thomaas av Aquino,Thomaas av Aquino,#VALUE!,1225,1274,Italien,M,,,,,,,,,,,,,,,,,,,,,,,,,,,,,,,,,,,,,Thorsell Alm_ Anna-Stina,Thorsell Alm, Anna-Stina,1951,,Sverige,K,,,,,,,,,,,,,,,,,,,,,,,,,,,,,,,,,,,,,Tomissön_ Hans,Tomissön, Hans,,1573,,M,,,,,,,,,,,,,,,,,,,,,,,,,,,,,,,,,,,,,Topelius_ Zakarias,Topelius, Zakarias,1818,1898,Finland,M,,,,,,,,,,,,,,,,,,,,,,,,,,,,,,,,,,,,,Torvalds_ Ole,Torvalds, Ole,,,,M,,,,,,,,,,,,,,,,,,,,,,,,,,,,,,,,,,,,,Trad,Trad,,1872,1960,Sverige,,,,,,,,,,,,,,,,,,,,,,,,,,,,,,,,,,,,,,Tranströmer_ Tomas,Tranströmer, Tomas,1931,2015,Sverige,M,,,,,,,,,,,,,,,,,,,,,,,,,,,,,,,,,,,,,Törnvall_ Emil,Törnvall, Emil,,,Sverige,M,,,,,,,,,,,,,,,,,,,,,,,,,,,,,,,,,,,,,Ulfvarson_ Barbro,Ulfvarson, Barbro,1934,,Sverige,K,,,,,,,,,,,,,,,,,,,,,,,,,,,,,,,,,,,,,Ulvaeus_ Björn,Ulvaeus, Björn,,,Sverige,M,,,,,,,,,,,,,,,,,,,,,,,,,,,,,,,,,,,,,Ulveaus/Rice,#VALUE!,#VALUE!,,,,M,,,,,,,,,,,,,,,,,,,,,,,,,,,,,,,,,,,,,Unander-Scharin_ Carl,Unander-Scharin, Carl,,,,,,,,,,,,,,,,,,,,,,,,,,,,,,,,,,,,,,,,,van Dijk_ Peter Louis,van Dijk, Peter Louis,1953,,Holland,M,,,,,,,,,,,,,,,,,,,,,,,,,,,,,,,,,,,,,Vaughan_ Henry,Vaughan, Henry,1622,1695,Wales,M,,,,,,,,,,,,,,,,,,,,,,,,,,,,,,,,,,,,,Vinje_ Asmund Olavsson,Vinje, Asmund Olavsson,1818,1870,Norge,M,,,,,,,,,,,,,,,,,,,,,,,,,,,,,,,,,,,,,Wallin_ J O,Wallin, J O,1779,1839,Sverige,M,,,,,,,,,,,,,,,,,,,,,,,,,,,,,,,,,,,,,Watts_ Isaac,Watts, Isaac,1674,1748,England,M,,,,,,,,,,,,,,,,,,,,,,,,,,,,,,,,,,,,,Widmark_ Göran,Widmark, Göran,1910,1982,Sverige,M,,,,,,,,,,,,,,,,,,,,,,,,,,,,,,,,,,,,,Wikander_ David,Wikander, David,,,,,,,,,,,,,,,,,,,,,,,,,,,,,,,,,,,,,,,,,Wikander_ Per,Wikander, Per,,,,,,,,,,,,,,,,,,,,,,,,,,,,,,,,,,,,,,,,,Wiklander_ Per,Wiklander, Per,,,,,,,,,,,,,,,,,,,,,,,,,,,,,,,,,,,,,,,,,Wilhousky_ Peter J,Wilhousky, Peter J,1902,1978,USA,M,,,,,,,,,,,,,,,,,,,,,,,,,,,,,,,,,,,,,Woolf_ Virginia,Woolf, Virginia,,,,,,,,,,,,,,,,,,,,,,,,,,,,,,,,,,,,,,,,,Öhrwall_ Anders,Öhrwall, Anders,,,,,,,,,,,,,,,,,,,,,,,,,,,,,,,,,,,,,,,,,,,,,,,,,,,,,,,,,,,,,,,,,,,,,,,,,,,,,,,,,,,,